{"ECS":{"ConfigLogTarget":"edge_stable"},"Edge":{"EdgeShoppingDeepEENewMarkets":{"enableFeatures":["msEEOnnxPostprocessForCoverage","msEEOnnxRealignLabels","msEEOnnx","msEEUseUnifyRegexDataFormat","msEELanguageDetectionEnabled"]},"RequiredPermaEdgeWithIllustrationRollOut":{"enableFeatures":["msShowPermaEdgeRequiredEndUser","msShowAnimatedIllustrationOnRequiredPermaEdgeDialog"],"parameters":[{"name":"ie_usage_lower_threshold","value":"0"},{"name":"ie_usage_upper_threshold","value":"100"}]},"OmniboxAutosuggest":{"enableFeatures":["msBingFeatures"],"parameters":[{"name":"BingFeatures","value":"&edgerichsuggs=2"}]},"EdgeShoppingEnableDeepEELogging":{"enableFeatures":["msEdgeShoppingPriceHistoryItIt","msEdgeShoppingPriceHistoryPtPt","msEdgeShoppingPriceHistoryPtBr","msEdgeShoppingPriceHistoryKoKr","msEdgeShoppingPriceHistoryZhTw","msEdgeShoppingPriceHistoryZhHk","msEdgeShoppingPriceHistoryFrCh","msEdgeShoppingPriceHistoryDeCh","msEdgeShoppingPriceHistoryItCh","msEdgeShoppingPriceComparisonItIt","msEdgeShoppingPriceComparisonPtPt","msEdgeShoppingPriceComparisonPtBr","msEdgeShoppingPriceComparisonKoKr","msEdgeShoppingPriceComparisonZhTw","msEdgeShoppingPriceComparisonZhHk","msEdgeShoppingPriceComparisonFrCh","msEdgeShoppingPriceComparisonDeCh","msEdgeShoppingPriceComparisonItCh","msEdgeShoppingPriceHistoryNlNl","msEdgeShoppingPriceComparisonNlNl"]},"OnCloseNurFTrigger":{"enableFeatures":["msEdgeNurturingBrowserCloseTrigger"]},"EdgeHonorSyncedBookmarkInDedup":{"enableFeatures":["msEdgeSyncHonorSyncedBookmarkInDedup"]},"EdgeRewardsHubDisablePinRollout":{"enableFeatures":["msRewardsDisableProgrammaticPinning"]},"Shorelinesettings":{"enableFeatures":["msShorelineCustomizeSidebarPage"]},"GamesMenuAwarenessPrompt":{"enableFeatures":["msEdgeHubAppGamesAwarenessPrompts"]},"EdgeShoppingOpenPaneFromHeroImage":{"enableFeatures":["msShoppingExp11","msShoppingExp49"]},"xboxJobObjectMemoryLimit":{"enableFeatures":["msEnableCustomJobMemoryLimitsOnXbox"],"parameters":[{"name":"EnableCustomJobMemoryLimitsOnXboxRendererLimitInMB","value":"800"}]},"PrismFollowableWebPinterest":{"enableFeatures":["msEdgeFollowableWebPinterest"]},"IOSReadAloudNewUXInRM":{"enableFeatures":["msEdgeReadAloudNewUXIOS"]},"WalletPartialCard107":{"enableFeatures":["msWalletPartialCard"]},"Edge3PSerpAutoSuggest":{"enableFeatures":["msEdgeSerpAutoSuggest"]},"PrismFollowableWebBypassFlyout":{"enableFeatures":["msEdgeFollowableWebByPassFlyout"]},"PrismCollectionPreventHybrid":{"enableFeatures":["msEdgeCollectionsPrismHybridMitigation"]},"EnhancedTextContrast":{"enableFeatures":["msEnhancedTextContrast"]},"Edge3PErrorLog":{"enableFeatures":["msEdge3PSerpSectionCountTelemetry","msEdge3PErrorTelemetry"]},"Toaster":{"enableFeatures":["msEdgeDevToolsToaster"]},"Prong1CIDirectActivation":{"enableFeatures":["msContinuousImportProng1UrlActivation"]},"OptoutinNeedEdge":{"enableFeatures":["msShowPermaEdgeOptOutForNthRedirection"]},"RecoverCorruptedBookmarks":{"enableFeatures":["msEdgeSyncFixCorruptedBookmarks","msRecoveredFolderInFavorites"]},"RendererAppContainerPayload":{"enableFeatures":["RendererAppContainer","RendererAppContainerFallbackWin"]},"Edge3PCoreAndErrorLogAndInteraction":{"enableFeatures":["msEdge3PGSERPInteractionTelemetry"]},"edgeEcoTreeEvergreen":{"enableFeatures":["msEdgeEtreeEvergreen"]},"EdgeEtreeNewTree":{"enableFeatures":["msEdgeEtreeNewTree"]},"shorelineMemMedDisplayMed":{"disableFeatures":["msHubAppsAlternativeButtons","msEdgeTravelRecommendation"],"enableFeatures":["msHubApps","msHubAppsDefaultShowTower","msHub","msHubAppsShowManifestApps","msHubAppCustomizableSidebar","msEdgeHubAppCasualGames","msEdgeCasualGamesUI","msEdgeHubAppOutlook","msEdgeHubAppFreeOffice","msEdgeFreeOfficeShowRecentDocuments","msEdgeFreeOfficeUI","msEdgeHubAppTools","msUndersideButton","msEdgeHubAppDiscover","msUndersideCompSearch","msUndersideShorelineWidth","msEdgeHubAppUnderside","msUndersideTempHeader","msShorelineSearchV0","msRedirectToShoreline","msEdgeHubAppSearch","msHubAppsDefaultHideTowerOnMediumMemoryDevices","msHubAppsADSManifest","msEdgeUndersideV2","msEdgeSidePane","msShorelineSearchNewTabButton","msShorelineSearchServerZeroInput","msShorelineSearch"]},"AutofillParseFlightFields":{"enableFeatures":["msEdgeAutofillParseFlightFields"]},"CoarseGeolocationService":{"enableFeatures":["msCoarseGeolocationService"]},"OpenTabsSyncOptimization":{"enableFeatures":["msEdgeSyncOpenTabsPullMode","msEdgeSyncOpenTabsLiveUpdate"],"parameters":[{"name":"delayInSeconds","value":"20"}]},"AvoidSuggestionsV1":{"enableFeatures":["msAutofillEdgeAvoidSuggestions"]},"PrismFollowableWebEntrance":{"enableFeatures":["msEdgeFollowableWebEntrance"]},"HJBrowserWindowFocusEvents":{"enableFeatures":["msEdgeHJBrowserWindowFocusTelemetry"]},"AutofillEdgeProfileWithInlineDeleteButton":{"enableFeatures":["msAutofillEdgeProfileInlineDelete"]},"UndoCI":{"enableFeatures":["msContinuousImportUndoCI","msContinuousImportUndoCookies","msContinuousImportUndoFavorties","msContinuousImportUndoPayments","msContinuousImportUndoHistory"]},"SmartScreenAppRepSmallFileHash":{"enableFeatures":["msSmartScreenAppRepSmallFileHash"]},"CardRoamingEnhancedFormExtraction":{"enableFeatures":["msCardRoamingEnhancedFormExtraction"]},"CardRoamingAutofillAcrossIframes":{"enableFeatures":["AutofillAcrossIframes"]},"EdgeHJHistoryUrlFix":{"enableFeatures":["msEdgeHJHistoryUrlFix"]},"PublishHistoryInWindowsSearchIndex":{"enableFeatures":["msWindowsSearchIntegration","msWindowsSearchIntegrationUseServiceProcess"],"parameters":[{"name":"IndexingStartDelay","value":"60"},{"name":"PublishHistoryForLastNDays","value":"false"},{"name":"PublishHistoryForLastNDaysOnIdle","value":"true"},{"name":"EnableMinimumMemoryThreshold","value":"true"},{"name":"MinimumMemoryThresholdGB","value":"2"},{"name":"IdleThreshold","value":"600"},{"name":"HistoryUpdateDelayMs","value":"10000"}]},"EdgeShoppingPCSendWithoutImage":{"enableFeatures":["msPriceComparisonSendWithoutImage"]},"ShareOSRegion":{"enableFeatures":["msShareOSRegionSetting"]},"SyncNextVersionService":{"enableFeatures":["msEdgeSyncUseVNextSyncUrl"]},"EnableTravelCUandFSA101":{"enableFeatures":["msEdgeTravelComponentUpdate","msSearchAssistanceDOMExtraction"]},"EdgeTabGroupsPersistence":{"enableFeatures":["msEdgeTabGroupsPersistence"]},"EdgeShoppingPriceCompareSuppressAdLang":{"enableFeatures":["msShoppingUapiExp3"]},"HistoryDateFiltering":{"enableFeatures":["msHistoryDateFiltering"]},"ReadAloudIconInAddressBar":{"enableFeatures":["msShowReadAloudIconInAddressBar"]},"EntityExtractionAllowRefinURL":{"enableFeatures":["msPriceComparisonAllowRefInURL"]},"EditorInternational":{"enableFeatures":["msUseMicrosoftEditorServiceForSpellcheck","msUseSpellCheckCorrectionsCard","msUseMicrosoftEditorServiceForMultiLangSpellcheck"]},"UXConfigService":{"enableFeatures":["msUXConfigService"]},"EdgeForwardButtonOnlyShowWhenEnabled":{"enableFeatures":["msEdgeForwardButtonOnlyShowWhenEnabled"]},"CILongRunning":{"enableFeatures":["msEdgeContinuousMigrationLongRunning"]},"VerticalTabsPromo":{"enableFeatures":["msNurturingFeatureTryVerticalTabs"]},"AppSync":{"enableFeatures":["msEdgeSyncApps"]},"SecureModePageInfo":{"enableFeatures":["msEdgeSDSMPageInfoIntegrationEnabled"]},"WebAppNoCCTForURLHandling":{"enableFeatures":["msWebAppNoCCTForURLHandling"]},"TriggeringSignalGenerator":{"enableFeatures":["msTriggeringSignalGenerator"]},"EdgeAndFeedsIdentityConsistency":{"enableFeatures":["msEdgeProngPersonalization"]},"NurturingPasswordGrowthCampaign":{"enableFeatures":["msNurturingImportPassword"]},"GamesHub":{"enableFeatures":["msEdgeCasualGamesUI"],"disableFeatures":["msEdgeGamesShowAlternateButton"]},"TyposquattingChecker":{"enableFeatures":["msTyposquattingChecker","msTyposquattingCheckerLookalike","msTyposquattingCheckerJaccard","msTyposquattingCheckerTPList","msTyposquattingCheckerPreValidatedTruePositiveList","msTyposquattingUX"]},"DelegatedInkTrailsPrediction":{"enableFeatures":["DrawPredictedInkPoint"],"parameters":[{"name":"predicted_points","value":"2-pt-6ms"},{"name":"predictor","value":"linear-resampling"}]},"neededgebanner":{"enableFeatures":["msBannerFlowv2"]},"EdgeEdgeSyncEnableAADV2Auth":{"enableFeatures":["msEdgeEdgeSyncEnableAADV2Auth"]},"PrismCollectionsAutoEnroll":{"disableFeatures":["msEdgeAddWebCapturetoCollections"],"enableFeatures":["msEdgeCollectionsPrismExperiment1"]},"EdgeShoppingClarity":{"enableFeatures":["msEdgeShoppingClarityEnabled"]},"LaunchTimeNavigationSignal":{"enableFeatures":["msUserAgentLaunchNavTypeBrowser"]},"BingNewTabBackButton":{"enableFeatures":["msEnableBingNewTabBackButtonFocusAndClose"]},"NurturingFeatureCIUpsellSaveFavPass":{"enableFeatures":["msNurturingFeatureCIUpsellSaveFavPass"]},"EdgeSuperResSettings":{"enableFeatures":["msEdgeSuperResSettings"]},"Edge3P":{"enableFeatures":["msEnable3P","msNurturingThirdPartySearchConsent","msEdge3PTelemetry","msNurturingThirdPartySearchNotificationDelay"],"parameters":[{"name":"campaign_delay","value":"300"}]},"DevToolsDetachedElements":{"enableFeatures":["msEdgeDevToolsDetachedElements"]},"NurturingAssistanceHome":{"enableFeatures":["msEdgeEnableAssistanceHome","msEnabledEdgeNFOfflineIntegrationInAssistanceHome","msNurturingDismissTriggerForHub"]},"OpenTabsWithChromeRunning":{"enableFeatures":["msImportOpenTabsFromChromeWithFileLocked"]},"EdgeWebCaptureOOUIExperiment":{"enableFeatures":["msEdgeWebCaptureOOUIExperiment"],"parameters":[{"name":"menu","value":"edit"}]},"SmartScreenDnsOverHttps":{"enableFeatures":["msSmartScreenBrowserDnsLookups"]},"RevertTelemetryPreAAExperiment":{"enableFeatures":["msNurturingDefaultSettingsRevertCheck"]},"EnableNurturingUrlParser":{"enableFeatures":["msNurturingUrlParser"]},"ExperimentAddressBarRoundedCornersColorHighlight":{"enableFeatures":["msOmniboxFocusRingRoundEmphasize"]},"EdgeFollowableWebEntryRollout":{"enableFeatures":["msEdgeFollowableWebEntrance"]},"Continuous_Import_OpenTabs_Group":{"enableFeatures":["msEdgeContinuousMigrationOpenTabsContinuousImport"]},"NurFRewardsCoachmarkExperiment":{"enableFeatures":["msNurturingFeatureMS1PRewardsCoachmark","msNurturingRewardsUpsell"]},"GWBCoachmarkExperiment":{"enableFeatures":["msEdgeGWBRewardsCoachmark"]},"RolloutPreconnectToSearch":{"disableFeatures":["NavigationPredictorPreconnectHoldback"]},"EdgeBarV2FeatureRollout":{"enableFeatures":["msDesktopMode","msDesktopModeAuth","msDesktopModeToolsMenu","msDesktopWidgetPrivateApi","msOmniboxDesktopModeBing","msDesktopModeSettings","msDesktopModeMouseCapture","msDesktopModePin","msDesktopModeAutoHide","msDesktopModeRewards","msDesktopModeDesktopSearch","msDesktopModeTabs","msDesktopModeTranslucency","msDesktopModePinOnByDefault","msDesktopModeBingResultsInTab","msDesktopModeTabsRecycle","msDesktopModeJumplistEntry","msDesktopModeAddressToolbar","msDesktopModeAnimation"]},"SyncUpsellConsent":{"enableFeatures":["msNurturingSyncUpsellConsentFavorites","msNurturingSyncUpsellConsentPasswords"]},"NurturingFrameworkIrisRollout":{"enableFeatures":["msEdgeNurFIrisSupport"]},"SmartExploreHoverFeature":{"enableFeatures":["msOnHoverSearchInSidebar","msEnablePrismExplorerAutoPosition","msPrismExplorerDomainActions","msEnablePrismExplorerOnHoverForAllUrls","msPrismExplorerThreeButtonsUI"]},"CIProtocolLaunchRollout":{"enableFeatures":["msNurturingCIUPsellProtocolLaunchBanner"]},"PdfDiagnostics":{"enableFeatures":["msPdfReportDiagnostics"]},"ImageSearchInSidebar":{"enableFeatures":["msSidebarSearchForImageAfterSearchWebFor"]},"EdgeOnRampShowVersionWhatsNew":{"enableFeatures":["msEdgeOnRampShowWhatsNew"],"parameters":[{"name":"Browser Version","value":"108.0.1462.0"}]},"PermaEdgeOnNthNeedEdge":{"enableFeatures":["msPermaEdgeOnNthNeedEdgeTrigger"],"parameters":[{"name":"NValueToShowPermaEdge","value":"3,8,13,18,23,28, 33, 38,43,48,53,58,63,68,73,78,83,88,93,98,103,108,113,118,123,128,133,138,143,148,153,158,163,168,173,178,183,188,193,198,203,208,213,218,223,228,233,238,243,248,253,258,263,268,273,278,283,288,293,298,303"}]}},"EdgeConfig":{"WebAuthConditinalUIExperiment":{"disableFeatures":["WebAuthenticationConditionalUI"]},"KillSwitchUseNAT64ForIPv4Literal":{"disableFeatures":["UseNAT64ForIPv4Literal"]},"EdgeShoppingPCashbackFixConfig":{"enableFeatures":["msEdgeShoppingRewardsUserInfo","msEdgeShoppingPersonalizedCashbackBingHeaderV2"]},"EdgeShoppingPriceCompareResponseConfig":{"enableFeatures":["msShoppingUapiExp1"]},"EdgeShoppingPriceCompareAdLangOverrideConfig":{"enableFeatures":["msShoppingUapiExp3"]},"DisableCanvasOOPR":{"disableFeatures":["CanvasOopRasterization"]},"EdgeShoppingAnaheimIDConfig":{"enableFeatures":["msEdgeShoppingAnaheimId"]},"OverrideUsageCategories":{"enableFeatures":["msUsageCategoriesOverrides"]},"DnsOverHttpsUi":{"parameters":[{"name":"DisabledProviders","value":"Quad9Secure,Cox"},{"name":"ShowUi","value":"true"}],"enableFeatures":["DnsOverHttps","DnsOverHttpsUpgrade"]},"WAMMATSKillerSwitch":{"disableFeatures":["msEnableWAMMATSTelemetry"]},"EdgeShoppingProductHistory":{"enableFeatures":["msWebAssistQuery"]},"EdgeShoppingDefaultConfig":{"enableFeatures":["msEEUseUnifyRegexDataFormat","msEdgeDash","msEdgeHubAppShopping","msEdgeInitPwiloAtStartup","msEdgeOpenShoppingHubPinned","msEdgePriceDropAutoShow","msEdgePwiloAsyncFallback","msEdgePwiloItemDeletion","msEdgePwiloPriceHistory","msEdgeShoppingAutoOpenPane","msEdgeShoppingAutoShowArbitration","msEdgeShoppingAutoShowMuteForFeature","msEdgeShoppingAutoShowPackageTracking","msEdgeShoppingCheckoutPageRegex","msEdgeShoppingCouponsRequestOnNavigationIfPaneOpened","msEdgeShoppingGuestDomainCoupons","msEdgeShoppingHub","msEdgeShoppingHubShowAddressBarIcon","msEdgeShoppingHubViaMoreMenu","msEdgeShoppingMUIDFlyout","msEdgeShoppingNotifyLargestContentfulPaintSameDocNav","msEdgeShoppingPackageTracking","msEdgeShoppingPersistentBloomFilter","msEdgeShoppingPersistentStorage","msEdgeShoppingPersonalizedCashbackBingHeader","msEdgeShoppingPriceComparisonOverrideLocaleCheck","msEdgeShoppingPriceHistoryOverrideLocaleCheck","msEdgeShoppingPriceHistoryProductByRegexFailed","msEdgeShoppingRebatesSignUp","msEdgeShoppingServerNotifications","msEdgeShoppingStorageTaskPriorityUserVisible","msEdgeShoppingUAPIUnifiedMktKey","msEdgeShoppingUI","msEdgeShoppingUnifiedAPIExtractionLogging","msEdgeShoppingUpdateAllAutoShowPref","msEdgeShoppingWebAssistForScript","msPriceComparisonSendWithoutImage","msQueryShoppingMetadata","msShoppingAutoShowAfterRender","msShoppingAutoShowLowerPrices","msShoppingEdgeTemplateAutomation","msShoppingExp32","msShowResultsShoppingMetadata"],"disableFeatures":["msEdgePwiloAsync","msEdgeShoppingPriceComparisonOnceDayPerUrl","msEdgeShoppingStorageContinueOnShutdown"],"parameters":[{"name":"duration","value":"3"}]},"VariationsServiceControl":{"parameters":[{"name":"fetch_period_min","value":"120"},{"name":"runtime_fetch_period_min","value":"120"}]},"EdgeShoppingMUIDConfig":{"enableFeatures":["msEdgeShoppingMUID"]},"QUIC":{"parameters":[{"name":"enable_quic","value":"true"},{"name":"quic_version","value":"h3,h3-29,h3-Q050"},{"name":"disable_tls_zero_rtt","value":"true"},{"name":"retransmittable_on_wire_timeout_milliseconds","value":"200"},{"name":"allow_port_migration","value":"true"},{"name":"epoch","value":"20210916"},{"name":"channel","value":"S"}]},"OverrideUKMs":{"enableFeatures":["msUkmGovernanceList"],"parameters":[{"name":"msUkmOverrideList","value":"Microsoft.TrackingPrevention.EnforcementOutcomes,1,15"}]},"OverrideEvents":{"enableFeatures":["msEventsAllowList"],"parameters":[{"name":"msEventOverrideList","value":"Microsoft.WebBrowser.Protobuf.UMA.SampledProfile,1,1;"}]},"TelemetryPopSampleSampling":{"enableFeatures":["msForceTelemetrySampling","msLogTestUniformDistributionHistogram"],"parameters":[{"name":"group2PopSample","value":"20"},{"name":"defaultGroupPopSample","value":"0"},{"name":"ukm2PopSample","value":"20"}]}},"EdgeDomainActions":{"text_prediction_override":{"version":1,"policies":[{"name":"OptIn","type":"TextPredictionOptIn"},{"name":"OptOut","type":"TextPredictionOptOut"}],"applications":[{"domain":"twitch.tv","applied_policy":"OptOut"},{"domain":"whatsapp.com","applied_policy":"OptOut"},{"domain":"bing.com","applied_policy":"OptOut"}]},"efficiency_mode_override":{"applications":[{"applied_policy":"block","domain":"browserbench.org"},{"applied_policy":"block","domain":"www.principledtechnologies.com"},{"applied_policy":"block","domain":"web.basemark.com"},{"applied_policy":"block","domain":"mozilla.github.io"},{"applied_policy":"block","domain":"html5test.com"},{"applied_policy":"block","domain":"necromanthus.com"},{"applied_policy":"block","domain":"www.wirple.com"},{"applied_policy":"block","domain":"octanetestapp.herokuapp.com"},{"applied_policy":"block","domain":"chromium.github.io"},{"applied_policy":"block","domain":"octane.webmarks.info"},{"applied_policy":"block","domain":"css3test.com"},{"applied_policy":"block","domain":"files.unity3d.com"},{"applied_policy":"block","domain":"msn.com/*/play"}],"policies":[{"name":"block","reason":"","type":"","value":""}],"version":1},"prism_explorer_override":{"version":1,"policies":[{"name":"OptIn","type":"PrismExplorerTypeOptIn"},{"name":"OptOut","type":"PrismExplorerTypeOptOut"}],"applications":[{"domain":"2mdn.net","applied_policy":"OptOut"},{"domain":"img-s-msn-com.akamaized.net","applied_policy":"OptOut"},{"domain":"azurewebsites.net","applied_policy":"OptOut"},{"domain":"bing-exp.*","applied_policy":"OptOut"},{"domain":"bing.com","applied_policy":"OptOut"},{"domain":"www.caisse-epargne.fr","applied_policy":"OptOut"},{"domain":"codepen.io","applied_policy":"OptOut"},{"domain":"create.microsoft.com","applied_policy":"OptOut"},{"domain":"defenderrazor.com","applied_policy":"OptOut"},{"domain":"pexels.com","applied_policy":"OptOut"},{"domain":"duckduckgo.com","applied_policy":"OptOut"},{"domain":"facebook.com","applied_policy":"OptOut"},{"domain":"free-freecell-solitaire.com","applied_policy":"OptOut"},{"domain":"google.*","applied_policy":"OptOut"},{"domain":"googlesyndication.com","applied_policy":"OptOut"},{"domain":"instagram.com","applied_policy":"OptOut"},{"domain":"linkedin.*","applied_policy":"OptOut"},{"domain":"live.com","applied_policy":"OptOut"},{"domain":"mapquest.*","applied_policy":"OptOut"},{"domain":"netflix.*","applied_policy":"OptOut"},{"domain":"office.com","applied_policy":"OptOut"},{"domain":"officeapps.live.com","applied_policy":"OptOut"},{"domain":"openrailwaymap.org","applied_policy":"OptOut"},{"domain":"outbrainimg.com","applied_policy":"OptOut"},{"domain":"search.naver.com","applied_policy":"OptOut"},{"domain":"search.yahoo.com","applied_policy":"OptOut"},{"domain":"sharepoint.com","applied_policy":"OptOut"},{"domain":"staging-bing-int.*","applied_policy":"OptOut"},{"domain":"storage.live.com","applied_policy":"OptOut"},{"domain":"svc.ms","applied_policy":"OptOut"},{"domain":"sygic.*","applied_policy":"OptOut"},{"domain":"techcommunity.microsoft.com","applied_policy":"OptOut"},{"domain":"tiktok.com","applied_policy":"OptOut"},{"domain":"twitter.com","applied_policy":"OptOut"},{"domain":"web.whatsapp.com","applied_policy":"OptOut"},{"domain":"yammer.com","applied_policy":"OptOut"},{"domain":"youtube.com","applied_policy":"OptOut"}]},"ecp_override":{"version":1,"policies":[{"name":"PlainTextURLsOnly","type":"ECPOnlyPlaintextURLs"}],"applications":[{"applied_policy":"PlainTextURLsOnly","domain":"hangouts.google.com"},{"applied_policy":"PlainTextURLsOnly","domain":"chat.google.com"},{"applied_policy":"PlainTextURLsOnly","domain":"slack.com"},{"applied_policy":"PlainTextURLsOnly","domain":"facebook.com"},{"applied_policy":"PlainTextURLsOnly","domain":"wechat.com"},{"applied_policy":"PlainTextURLsOnly","domain":"weixin.com"},{"applied_policy":"PlainTextURLsOnly","domain":"qq.com"},{"applied_policy":"PlainTextURLsOnly","domain":"webex.com"},{"applied_policy":"PlainTextURLsOnly","domain":"wordpress.com"},{"applied_policy":"PlainTextURLsOnly","domain":"discord.com"}]},"media_foundation_override":{"version":1,"policies":[{"name":"OptIn","type":"MediaFoundationOptIn"},{"name":"OptOut","type":"MediaFoundationOptOut"}],"applications":[{"domain":"youtube.com","path_exclude":["/shorts"],"applied_policy":"OptIn"}]},"web_notification_override":{"applications":[{"applied_policy":"prompt","domain":"www.reddit.com"},{"applied_policy":"prompt","domain":"www.telegraphindia.com"},{"applied_policy":"prompt","domain":"timesofindia.indiatimes.com"},{"applied_policy":"prompt","domain":"pushengage.com"},{"applied_policy":"prompt","domain":"www.timesnownews.com"},{"applied_policy":"prompt","domain":"www.couponrani.com"},{"applied_policy":"prompt","domain":"www.wholesomeyum.com"},{"applied_policy":"prompt","domain":"www.asklaila.com"},{"applied_policy":"prompt","domain":"www.sammobile.com"},{"applied_policy":"prompt","domain":"www.ecuavisa.com"},{"applied_policy":"prompt","domain":"uz.sputniknews.ru"},{"applied_policy":"prompt","domain":"www.ndtv.com"},{"applied_policy":"prompt","domain":"www.elimparcial.com"},{"applied_policy":"prompt","domain":"www.povarenok.ru"},{"applied_policy":"prompt","domain":"www.estadao.com.br"},{"applied_policy":"prompt","domain":"olxpakistan.os.tc"},{"applied_policy":"prompt","domain":"televisa.com"},{"applied_policy":"prompt","domain":"uol.com.br"},{"applied_policy":"prompt","domain":"www.axisbank.com"},{"applied_policy":"prompt","domain":"mutualfund.adityabirlacapital.com"},{"applied_policy":"prompt","domain":"www.facebook.com"},{"applied_policy":"prompt","domain":"www.instagram.com"},{"applied_policy":"prompt","domain":"www.messenger.com"}],"policies":[{"name":"prompt","reason":"","type":"","value":""}],"version":1},"codec_override":{"version":1,"policies":[{"name":"HideMfHevcCodec","type":"MfHevcCodec"}],"applications":[{"applied_policy":"HideMfHevcCodec","domain":"tv.apple.com"},{"applied_policy":"HideMfHevcCodec","domain":"nintendo.com"}]},"idl_override":{"applications":[{"applied_policy":"ExposePrefixedEME","domain":"netflix.com"},{"applied_policy":"ExposePrefixedEME","domain":"music.amazon.co.jp"},{"applied_policy":"ExposePrefixedEME","domain":"music.amazon.co.uk"},{"applied_policy":"ExposePrefixedEME","domain":"music.amazon.com"},{"applied_policy":"ExposePrefixedEME","domain":"music.amazon.de"},{"applied_policy":"ExposePrefixedEME","domain":"music.amazon.es"},{"applied_policy":"ExposePrefixedEME","domain":"music.amazon.fr"},{"applied_policy":"ExposePrefixedEME","domain":"music.amazon.in"},{"applied_policy":"ExposePrefixedEME","domain":"music.amazon.it"},{"applied_policy":"ExposePrefixedEME","domain":"music.amazon.ca"},{"applied_policy":"ExposePrefixedEME","domain":"music.amazon.com.br"},{"domain":"sling.com","applied_policy":"ExposePrefixedEME"},{"domain":"openidconnectweb.azurewebsites.net","applied_policy":"ExposePrefixedEME"}],"policies":[{"name":"ExposePrefixedEME","type":"PrefixedEme"}],"version":1},"cdm_override":{"version":1,"policies":[{"name":"OnlyExposePlayReady","type":"Playready"},{"name":"OnlyExposeWidevine","type":"Widevine"}],"applications":[{"domain":"sling.com","applied_policy":"OnlyExposePlayReady"},{"domain":"tou.tv","applied_policy":"OnlyExposeWidevine"},{"domain":"maxdome.de","applied_policy":"OnlyExposeWidevine"},{"domain":"abc.com","applied_policy":"OnlyExposeWidevine"},{"domain":"tv.apple.com","applied_policy":"OnlyExposeWidevine"},{"domain":"la7.it","applied_policy":"OnlyExposeWidevine"},{"domain":"xfinity.com","applied_policy":"OnlyExposeWidevine"},{"domain":"watchtv.cox.com","applied_policy":"OnlyExposeWidevine"},{"domain":"ignitetv.rogers.com","applied_policy":"OnlyExposeWidevine"},{"domain":"bluecurvetv.shaw.ca","applied_policy":"OnlyExposeWidevine"},{"domain":"helix.videotron.com","applied_policy":"OnlyExposeWidevine"},{"domain":"criterionchannel.com","applied_policy":"OnlyExposeWidevine"},{"domain":"ntathome.com","applied_policy":"OnlyExposeWidevine"},{"domain":"wowpresentsplus.com","applied_policy":"OnlyExposeWidevine"},{"domain":"vhx.tv","applied_policy":"OnlyExposeWidevine"},{"domain":"hulu.com","applied_policy":"OnlyExposePlayReady"},{"domain":"app.quickhelp.com","applied_policy":"OnlyExposeWidevine"},{"domain":"DishAnywhere.com","applied_policy":"OnlyExposeWidevine"}]},"user_agent_override":{"version":1,"policies":[{"name":"EdgeUA","type":"partialReplacement","value":"AppleWebKit/537.36 (KHTML, like Gecko) Chrome/70.0.3538.102 Safari/537.36 Edge/18.17763"},{"name":"IEUA","type":"platformIgnorantFullReplacement","value":"Mozilla/5.0 (Windows NT 10.0; WOW64; Trident/7.0; .NET4.0C; .NET4.0E; .NET CLR 2.0.50727; .NET CLR 3.0.30729; .NET CLR 3.5.30729; Zoom 3.6.0; rv:11.0) like Gecko"},{"name":"DrmEdgeUA","type":"partialReplacement","value":"AppleWebKit/537.36 (KHTML, like Gecko) Chrome/64.0.3282.140 Safari/537.36 Edge/18.17763","reason":"DigitalRightsManagement"},{"name":"EdgUA","type":"replaceIfWorkaroundsNeeded"},{"name":"DrmEdgUA","type":"replaceIfWorkaroundsNeeded","reason":"DigitalRightsManagement"},{"name":"ChromeUA","type":"edgeTokenReplacement"},{"name":"DoNotOverride","type":"doNotOverride"},{"name":"Edge99","type":"partialReplacement","value":"AppleWebKit/537.36 (KHTML, like Gecko) Chrome/99.0.4844.74 Safari/537.36 Edg/99.0.1150.55"},{"name":"Chrome99","type":"partialReplacement","value":"AppleWebKit/537.36 (KHTML, like Gecko) Chrome/99.0.4844.74 Safari/537.36"},{"name":"ChromeUAAndClientHints","type":"edgeTokenReplacementAndClientHints","value":{"user_agent_override":"","sec-ch-ua-add":[{"brand":"Google Chrome"}],"sec-ch-ua-remove":["Microsoft Edge"]}}],"applications":[{"domain":"interlakepsychiatricintouch.insynchcs.com","applied_policy":"ChromeUA"},{"domain":"pulse.genesisworld.com","applied_policy":"ChromeUA"},{"domain":"eip.ccfsm.or.kr","applied_policy":"DoNotOverride"},{"domain":"hbonow.com","applied_policy":"DrmEdgeUA"},{"domain":"hboportugal.com","applied_policy":"DrmEdgeUA"},{"domain":"hbogo.com","applied_policy":"DrmEdgeUA"},{"domain":"sling.com","applied_policy":"DrmEdgeUA"},{"domain":"hbogo.bg","applied_policy":"DrmEdgeUA"},{"domain":"hbogo.ro","applied_policy":"DrmEdgeUA"},{"domain":"hbogo.cz","applied_policy":"DrmEdgeUA"},{"domain":"wrc.t-mobile.com","applied_policy":"ChromeUA"},{"domain":"meituan.com","applied_policy":"ChromeUA"},{"domain":"maxdome.de","applied_policy":"ChromeUA"},{"domain":"go.canaldigital.fi","applied_policy":"EdgeUA"},{"domain":"go.canaldigital.no","applied_policy":"EdgeUA"},{"domain":"go.canaldigital.se","applied_policy":"EdgeUA"},{"domain":"canaldigital.dk","“subdomain_match":["go","tv"],"applied_policy":"EdgeUA"},{"domain":"la7.it","applied_policy":"ChromeUA"},{"domain":"ide.cs50.io","applied_policy":"ChromeUA"},{"domain":"moneygram.com","applied_policy":"ChromeUA"},{"domain":"blog.esuteru.com","applied_policy":"ChromeUA"},{"domain":"smallbusiness.yahoo.com","path_match":["/businessmaker"],"applied_policy":"ChromeUA"},{"domain":"abc.com","applied_policy":"ChromeUA"},{"domain":"myslate.sixphrase.com","applied_policy":"ChromeUA"},{"domain":"search.norton.com","path_match":["/nsssOnboarding"],"applied_policy":"ChromeUA"},{"domain":"virtualvisitlogin.partners.org","applied_policy":"ChromeUA"},{"domain":"carelogin.bryantelemedicine.com","applied_policy":"ChromeUA"},{"domain":"providerstc.hs.utah.gov","applied_policy":"ChromeUA"},{"domain":"applychildcaresubsidy.alberta.ca","applied_policy":"ChromeUA"},{"domain":"elearning.evn.com.vn","path_match":["/login"],"applied_policy":"ChromeUA"},{"domain":"authoring.amirsys.com","path_match":["/login"],"applied_policy":"ChromeUA"},{"domain":"elearning.seabank.com.vn","path_match":["/login"],"applied_policy":"ChromeUA"},{"domain":"app.fields.corteva.com","path_match":["/login"],"applied_policy":"ChromeUA"},{"domain":"gsq.minornet.com","applied_policy":"ChromeUA"},{"domain":"shop.lic.co.nz","applied_policy":"ChromeUA"},{"domain":"telehealthportal.uofuhealth.org","applied_policy":"ChromeUA"},{"domain":"portal.centurylink.com","applied_policy":"ChromeUA"},{"domain":"visitnow.org","applied_policy":"ChromeUA"},{"domain":"www.hotstar.com","path_match":["/in/subscribe/payment/methods/dc","/in/subscribe/payment/methods/cc"],"applied_policy":"ChromeUA"},{"domain":"tryca.st","path_match":["/studio","/publisher"],"applied_policy":"ChromeUA"},{"domain":"astrogo.astro.com.my","applied_policy":"ChromeUA"},{"domain":"airbornemedia.gogoinflight.com","applied_policy":"ChromeUA"},{"domain":"airbornemedia.inflightinternet.com","applied_policy":"ChromeUA"},{"domain":"app.classkick.com","applied_policy":"ChromeUA"},{"domain":"exchangeservicecenter.com","path_match":["/freeze"],"applied_policy":"ChromeUA"},{"domain":"bancodeoccidente.com.co","path_match":["/portaltransaccional"],"applied_policy":"ChromeUA"},{"domain":"bm.gzekao.cn","path_match":["/tr/webregister/"],"applied_policy":"IEUA"},{"domain":"salud.go.cr","applied_policy":"ChromeUA"},{"domain":"learning.chungdahm.com","applied_policy":"ChromeUA"},{"domain":"gooroomee.com","applied_policy":"ChromeUA"},{"domain":"tenantev.com","applied_policy":"ChromeUA"},{"domain":"printful.com","path_match":["/dashboard/default"],"applied_policy":"ChromeUA"},{"domain":"fansnet.jp","path_match":["/signin"],"applied_policy":"ChromeUA"},{"domain":"app.houseparty.com","applied_policy":"ChromeUA"},{"domain":"hanafloralpos2.com","applied_policy":"ChromeUA"},{"domain":"elroyalecasinobonuses.com","applied_policy":"ChromeUA"},{"domain":"moji365.com","applied_policy":"ChromeUA"},{"domain":"web2020.atama.plus","applied_policy":"ChromeUA"},{"domain":"elroyalecasino.com","applied_policy":"ChromeUA"},{"domain":"aussieplaybonuses.com","applied_policy":"ChromeUA"},{"domain":"front.viewinter.ai","applied_policy":"ChromeUA"},{"domain":"newstudentregistration.nmsu.edu","applied_policy":"ChromeUA"},{"domain":"app.evisit.com","applied_policy":"ChromeUA"},{"domain":"richpalms.com","applied_policy":"ChromeUA"},{"domain":"lilyclass.com","applied_policy":"ChromeUA"},{"domain":"hiflow.com","applied_policy":"ChromeUA"},{"domain":"my.a-bly.com","applied_policy":"ChromeUA"},{"domain":"app.mytaxprepoffice.com","applied_policy":"ChromeUA"},{"domain":"login.hourpowerpro.com","applied_policy":"ChromeUA"},{"domain":"crayondatabase.com","applied_policy":"ChromeUA"},{"domain":"elroyalecasinomail.com","applied_policy":"ChromeUA"},{"domain":"aussieplaypromos.com","applied_policy":"ChromeUA"},{"domain":"eu.smilemate.com","applied_policy":"ChromeUA"},{"domain":"live.remo.co","applied_policy":"ChromeUA"},{"domain":"orders.cutcoapps.com","applied_policy":"ChromeUA"},{"domain":"app.pharmulary.com","applied_policy":"ChromeUA"},{"domain":"learn.maplesoft.com","applied_policy":"ChromeUA"},{"domain":"suppliersmx.smp-automotive.com","applied_policy":"ChromeUA"},{"domain":"tv.partner.co.il","applied_policy":"ChromeUA"},{"domain":"ykc.hanwangjiaoyu.com","applied_policy":"ChromeUA"},{"domain":"lacite.essentialskillsgroup.com","applied_policy":"ChromeUA"},{"domain":"my.globaluniversity.edu","applied_policy":"ChromeUA"},{"domain":"totale.rosettastone.com","applied_policy":"ChromeUA"},{"domain":"icingimages.com","applied_policy":"ChromeUA"},{"domain":"duolingo.com","applied_policy":"ChromeUA"},{"domain":"geforcenow.com","applied_policy":"ChromeUA"},{"domain":"capitaloneoffers.com","applied_policy":"ChromeUA"},{"domain":"yorbit.mindtree.com","applied_policy":"ChromeUA"},{"domain":"prepmod.health.state.mn.us","applied_policy":"ChromeUA"},{"domain":"prepmod.doh.wa.gov","applied_policy":"ChromeUA"},{"domain":"ome.tv","applied_policy":"ChromeUA"},{"domain":"wowow.co.jp","applied_policy":"ChromeUA"},{"domain":"sankuai.com","applied_policy":"ChromeUA"},{"domain":"prezi.com","applied_policy":"ChromeUA"},{"domain":"algoritmika.*","applied_policy":"ChromeUA"},{"domain":"whitehatjr.com","applied_policy":"ChromeUA"},{"domain":"www.skyroom.online","applied_policy":"ChromeUA"},{"domain":"videochatru.com","applied_policy":"ChromeUA"},{"domain":"www.yuque.com","applied_policy":"ChromeUA"},{"domain":"hllqp.com","applied_policy":"ChromeUA"},{"domain":"unacademy.com","applied_policy":"ChromeUA"},{"domain":"mazonecec.com","applied_policy":"ChromeUA"},{"domain":"chat-pt.com","applied_policy":"ChromeUA"},{"domain":"nativecamp.net","applied_policy":"ChromeUA"},{"domain":"newrow.com","applied_policy":"ChromeUA"},{"domain":"www.chess.com","applied_policy":"ChromeUA"},{"domain":"pixton.com","applied_policy":"ChromeUA"},{"domain":"bank.dream-1.co.kr","applied_policy":"ChromeUA"},{"domain":"siga.aduanas.gob.do","applied_policy":"ChromeUA"},{"domain":"secure.priviahealth.com","applied_policy":"ChromeUA"},{"domain":"vroom.truevirtualworld.com","applied_policy":"ChromeUA"},{"domain":"mettl.com","applied_policy":"ChromeUA"},{"domain":"granbluefantasy.jp","applied_policy":"ChromeUA"},{"domain":"xiaomawang.com","applied_policy":"ChromeUA"},{"domain":"talview.com","applied_policy":"ChromeUA"},{"domain":"vpn.zmaxis.com","applied_policy":"ChromeUA"},{"domain":"app.jigsawinteractive.com","applied_policy":"ChromeUA"},{"domain":"www.quebon.tv","applied_policy":"ChromeUA"},{"domain":"mars.alg.academy","applied_policy":"ChromeUA"},{"domain":"www.flexclip.com","applied_policy":"ChromeUA"},{"domain":"smarterproctoring.com","applied_policy":"ChromeUA"},{"domain":"minedia.com","applied_policy":"ChromeUA"},{"domain":"www.filemaru.com","applied_policy":"ChromeUA"},{"domain":"hirepro.in","applied_policy":"ChromeUA"},{"domain":"lwss.cdgdc.edu.cn","applied_policy":"ChromeUA"},{"domain":"keckmedicine.org","applied_policy":"ChromeUA"},{"domain":"kaipoke.biz","applied_policy":"ChromeUA"},{"domain":"app.bookcreator.com","applied_policy":"ChromeUA"},{"domain":"player.pl","applied_policy":"ChromeUA"},{"domain":"live.twebcast.com","applied_policy":"ChromeUA"},{"domain":"web.openrainbow.com","applied_policy":"ChromeUA"},{"domain":"www.storyboardthat.com","applied_policy":"ChromeUA"},{"domain":"www.techfluency.org","applied_policy":"ChromeUA"},{"domain":"www.amway.co.kr","applied_policy":"ChromeUA"},{"domain":"smartschool.be","applied_policy":"ChromeUA"},{"domain":"bm.chsi.com.cn","applied_policy":"ChromeUA"},{"domain":"www.n-gaku.ed.jp","applied_policy":"ChromeUA"},{"domain":"start.ipc.qld.edu.au","applied_policy":"ChromeUA"},{"domain":"global.talk-cloud.net","applied_policy":"ChromeUA"},{"domain":"sigaexplorer.aduanas.gob.do","applied_policy":"ChromeUA"},{"domain":"www.protrainings.com","applied_policy":"ChromeUA"},{"domain":"www.rarejob.com","applied_policy":"ChromeUA"},{"domain":"chatalternative.com","applied_policy":"ChromeUA"},{"domain":"socialive.us","applied_policy":"ChromeUA"},{"domain":"www.zhihu.com","applied_policy":"ChromeUA"},{"domain":"login.smasheducation.com","applied_policy":"ChromeUA"},{"domain":"mindbody.io","applied_policy":"ChromeUA"},{"domain":"hubgame.cn","applied_policy":"ChromeUA"},{"domain":"mega.nz","applied_policy":"ChromeUA"},{"domain":"univer.kaznpu.kz","applied_policy":"ChromeUA"},{"domain":"www.jkydata.com","applied_policy":"ChromeUA"},{"domain":"clipchamp.com","applied_policy":"ChromeUA"},{"domain":"yz.cainiao.com","applied_policy":"ChromeUA"},{"domain":"app.boardable.com","applied_policy":"ChromeUA"},{"domain":"kakao.com","applied_policy":"ChromeUA"},{"domain":"blibee.com","applied_policy":"ChromeUA"},{"domain":"woots.nl","applied_policy":"ChromeUA"},{"domain":"webinar.anymeeting.com","applied_policy":"ChromeUA"},{"domain":"www.valr.com","applied_policy":"ChromeUA"},{"domain":"rwanda.edacy.com","applied_policy":"ChromeUA"},{"domain":"onlyonefoodnet.ifresh.co.kr","applied_policy":"ChromeUA"},{"domain":"wing.coupang.com","applied_policy":"ChromeUA"},{"domain":"coronavirus.maryland.gov","applied_policy":"ChromeUA"},{"domain":"www.alarm.com","applied_policy":"ChromeUA"},{"domain":"www.niubizenlinea.com.pe","applied_policy":"ChromeUA"},{"domain":"integra.co.in","applied_policy":"ChromeUA"},{"domain":"spatial.chat","applied_policy":"ChromeUA"},{"domain":"1cs.jp","applied_policy":"ChromeUA"},{"domain":"axisbank.com","applied_policy":"ChromeUA"},{"domain":"customs.vans.com.cn","applied_policy":"ChromeUA"},{"domain":"online.aufratenzur.bawagpsk.com","applied_policy":"ChromeUA"},{"domain":"dsp.horse24.com","applied_policy":"ChromeUA"},{"domain":"order.campion.com.au","applied_policy":"ChromeUA"},{"domain":"bcpzonasegurabeta.viabcp.com","applied_policy":"ChromeUA"},{"domain":"www.xthk.cn","applied_policy":"ChromeUA"},{"domain":"lemo.share-platform.de","applied_policy":"ChromeUA"},{"domain":"vc.dial070.co.kr","applied_policy":"ChromeUA"},{"domain":"www.gaosiedu.com","applied_policy":"ChromeUA"},{"domain":"jp.glats.online","applied_policy":"ChromeUA"},{"domain":"all-dream.com","applied_policy":"ChromeUA"},{"domain":"www.typing.com","applied_policy":"ChromeUA"},{"domain":"www.bitpaper.io","applied_policy":"ChromeUA"},{"domain":"tophat.com","applied_policy":"ChromeUA"},{"domain":"home.ibotta.com","applied_policy":"ChromeUA"},{"domain":"vaccinereg.health.nd.gov","applied_policy":"ChromeUA"},{"domain":"www.comassvax.org","applied_policy":"ChromeUA"},{"domain":"www.mtreadyclinic.org","applied_policy":"ChromeUA"},{"domain":"www.vaccinateri.org","applied_policy":"ChromeUA"},{"domain":"www.marylandvax.org","applied_policy":"ChromeUA"},{"domain":"myhealth.alaska.gov","applied_policy":"ChromeUA"},{"domain":"fx.dmm.com","applied_policy":"ChromeUA"},{"domain":"kyc.icicibank.com","applied_policy":"ChromeUA"},{"domain":"hd.kinopoisk.ru","applied_policy":"ChromeUA"},{"domain":"aiosante.fr","applied_policy":"ChromeUA"},{"domain":"mentora.co","applied_policy":"ChromeUA"},{"domain":"leboncoin.fr","applied_policy":"ChromeUA"},{"domain":"new.faberlic.com","applied_policy":"ChromeUA"},{"domain":"support.proxyvote.com","applied_policy":"ChromeUA"},{"domain":"syscheck.bridge.psiexams.com","applied_policy":"ChromeUA"},{"domain":"logon.mykpa.com","applied_policy":"ChromeUA"},{"domain":"power2patient.net","applied_policy":"ChromeUA"},{"domain":"hunbei.com","applied_policy":"ChromeUA"},{"domain":"siharka.menpan.go.id","applied_policy":"ChromeUA"},{"domain":"learning.apaxleaders.edu.vn","applied_policy":"ChromeUA"},{"domain":"sanayisicil.sanayi.gov.tr","applied_policy":"ChromeUA"},{"domain":"provider.teladoc.com","applied_policy":"ChromeUA"},{"domain":"codelion.net","applied_policy":"ChromeUA"},{"domain":"kaleoz.com","applied_policy":"ChromeUA"},{"domain":"demos.cutcoapps.com","applied_policy":"ChromeUA"},{"domain":"eps.jspl.com","applied_policy":"ChromeUA"},{"domain":"managing.h-navi.jp","applied_policy":"ChromeUA"},{"domain":"pinfrafacturacion.com.mx","applied_policy":"ChromeUA"},{"domain":"app.showit.co","applied_policy":"ChromeUA"},{"domain":"co-verify.com","applied_policy":"ChromeUA"},{"domain":"app.axiumascend.com","applied_policy":"ChromeUA"},{"domain":"student.atama.plus","applied_policy":"ChromeUA"},{"domain":"cyedu.kead.or.kr","applied_policy":"ChromeUA"},{"domain":"service.medicheck.se","applied_policy":"ChromeUA"},{"domain":"bmo.com","applied_policy":"ChromeUA"},{"domain":"conv.gryphondds.com","applied_policy":"ChromeUA"},{"domain":"business.curated.com","applied_policy":"ChromeUA"},{"domain":"platinum-options.com","applied_policy":"ChromeUA"},{"domain":"pjxt.lnen.cn","applied_policy":"ChromeUA"},{"domain":"smartping.live","applied_policy":"ChromeUA"},{"domain":"docs.google.com","applied_policy":"ChromeUA"},{"domain":"passwords.google.com","applied_policy":"DoNotOverride"},{"domain":"takeout.google.com","applied_policy":"DoNotOverride"},{"domain":"kealahou.cfht.hawaii.edu","applied_policy":"ChromeUA"},{"domain":"speechtexter.com","applied_policy":"ChromeUA"},{"domain":"admall.youpenglai.com","applied_policy":"ChromeUA"},{"domain":"buy.icicibank.com","applied_policy":"ChromeUA"},{"domain":"oa.imuyuan.com","applied_policy":"ChromeUA"},{"domain":"clube.dermaclub.com.br","applied_policy":"ChromeUA"},{"domain":"msnvideo.com","applied_policy":"DoNotOverride"},{"domain":"msnkids.com","applied_policy":"DoNotOverride"},{"domain":"microsoftnews.cn","applied_policy":"DoNotOverride"},{"domain":"msn.com","applied_policy":"DoNotOverride"},{"domain":"msn.cn","applied_policy":"DoNotOverride"},{"domain":"msnewskids.com","applied_policy":"DoNotOverride"},{"domain":"microsoftnewskids.com","applied_policy":"DoNotOverride"},{"domain":"msn-amp.com","applied_policy":"DoNotOverride"},{"domain":"microsoftnews.com","applied_policy":"DoNotOverride"},{"domain":"msnewsmedia.com","applied_policy":"DoNotOverride"},{"domain":"microsoftnewsforkids.com","applied_policy":"DoNotOverride"},{"domain":"edgestoreweb.edgebrowser.microsoft-staging-falcon.io","applied_policy":"DoNotOverride"},{"domain":"edgestoreweb.edgebrowser.microsoft-testing-falcon.io","applied_policy":"DoNotOverride"},{"domain":"abema.tv","applied_policy":"DoNotOverride"},{"domain":"acorn.tv","applied_policy":"DoNotOverride"},{"domain":"bilibili.com","applied_policy":"DoNotOverride"},{"domain":"chaines-tv.orange.fr","applied_policy":"DoNotOverride"},{"domain":"ctc.ru","applied_policy":"DoNotOverride"},{"domain":"dk.hbonordic.com","applied_policy":"DoNotOverride"},{"domain":"hbogo.pl","applied_policy":"DoNotOverride"},{"domain":"listen.tidal.com","applied_policy":"DoNotOverride"},{"domain":"listeningparty.bts-butter.com","applied_policy":"DoNotOverride"},{"domain":"live-nba.stream","applied_policy":"DoNotOverride"},{"domain":"mcg.decipherinc.com","applied_policy":"DoNotOverride"},{"domain":"amazon.*","applied_policy":"DoNotOverride"},{"domain":"music.apple.com","applied_policy":"DoNotOverride"},{"domain":"now.dstv.com","applied_policy":"DoNotOverride"},{"domain":"okko.tv","applied_policy":"DoNotOverride"},{"domain":"open.spotify.com","applied_policy":"DoNotOverride"},{"domain":"opto.sic.pt","applied_policy":"DoNotOverride"},{"domain":"orangetv.orange.es","applied_policy":"DoNotOverride"},{"domain":"play.hbomax.com","applied_policy":"DoNotOverride"},{"domain":"play.waipu.tv","applied_policy":"DoNotOverride"},{"domain":"sports24.icu","applied_policy":"DoNotOverride"},{"domain":"sports24.stream","applied_policy":"DoNotOverride"},{"domain":"stream.osn.com","applied_policy":"DoNotOverride"},{"domain":"swag.live","applied_policy":"DoNotOverride"},{"domain":"tv.rakuten.co.jp","applied_policy":"DoNotOverride"},{"domain":"tv.yousee.dk","applied_policy":"DoNotOverride"},{"domain":"tvthek.orf.at","applied_policy":"DoNotOverride"},{"domain":"v.ouj.ac.jp","applied_policy":"DoNotOverride"},{"domain":"v.youku.com","applied_policy":"DoNotOverride"},{"domain":"ver.movistarplus.es","applied_policy":"DoNotOverride"},{"domain":"video.dmkt-sp.jp","applied_policy":"DoNotOverride"},{"domain":"video.unext.jp","applied_policy":"DoNotOverride"},{"domain":"videomarket.dmm.com","applied_policy":"DoNotOverride"},{"domain":"vod.canalplus.com","applied_policy":"DoNotOverride"},{"domain":"vod.tvp.pl","applied_policy":"DoNotOverride"},{"domain":"voyo.markiza.sk","applied_policy":"DoNotOverride"},{"domain":"voyo.nova.cz","applied_policy":"DoNotOverride"},{"domain":"vtm.be","applied_policy":"DoNotOverride"},{"domain":"watch.spectrum.net","applied_policy":"DoNotOverride"},{"domain":"watcha.com","applied_policy":"DoNotOverride"},{"domain":"wink.rt.ru","applied_policy":"DoNotOverride"},{"domain":"www.6play.fr","applied_policy":"DoNotOverride"},{"domain":"www.atresplayer.com","applied_policy":"DoNotOverride"},{"domain":"www.audible.com","applied_policy":"DoNotOverride"},{"domain":"www.canalplus.com","applied_policy":"DoNotOverride"},{"domain":"www.channel4.com","applied_policy":"DoNotOverride"},{"domain":"www.crunchyroll.com","applied_policy":"DoNotOverride"},{"domain":"www.dazn.com","applied_policy":"DoNotOverride"},{"domain":"www.directvgo.com","applied_policy":"ChromeUA"},{"domain":"www.filmin.es","applied_policy":"DoNotOverride"},{"domain":"www.fubo.tv","applied_policy":"DoNotOverride"},{"domain":"www.glaz.tv","applied_policy":"DoNotOverride"},{"domain":"www.hoopladigital.com","applied_policy":"DoNotOverride"},{"domain":"www.horizon.tv","applied_policy":"DoNotOverride"},{"domain":"www.hulu.com","applied_policy":"DoNotOverride"},{"domain":"www.imdb.com","applied_policy":"DoNotOverride"},{"domain":"www.itv.com","applied_policy":"DoNotOverride"},{"domain":"www.ivi.ru","applied_policy":"ChromeUA"},{"domain":"www.my5.tv","applied_policy":"DoNotOverride"},{"domain":"www.netflix.com","applied_policy":"DoNotOverride"},{"domain":"www.npostart.nl","applied_policy":"DoNotOverride"},{"domain":"www.paramountplus.com","applied_policy":"DoNotOverride"},{"domain":"www.peacocktv.com","applied_policy":"DoNotOverride"},{"domain":"www.primevideo.com","applied_policy":"DoNotOverride"},{"domain":"www.rts.ch","applied_policy":"DoNotOverride"},{"domain":"www.salto.fr","applied_policy":"DoNotOverride"},{"domain":"www.streamz.be","applied_policy":"DoNotOverride"},{"domain":"www.telenettv.be","applied_policy":"DoNotOverride"},{"domain":"www.tntdrama.com","applied_policy":"DoNotOverride"},{"domain":"www.twitch.tv","applied_policy":"DoNotOverride"},{"domain":"www.viki.com","applied_policy":"DoNotOverride"},{"domain":"www.vudu.com","applied_policy":"DoNotOverride"},{"domain":"www.weverse.io","applied_policy":"DoNotOverride"},{"domain":"www.ziggogo.tv","applied_policy":"DoNotOverride"},{"domain":"yandex.ru","applied_policy":"DoNotOverride"},{"domain":"microsoft.com","applied_policy":"DoNotOverride"},{"domain":"login.windows-ppe.net","applied_policy":"DoNotOverride"},{"domain":"login.microsoftonline.eaglex.ic.gov","applied_policy":"DoNotOverride"},{"domain":"login.microsoftonline.microsoft.scloud","applied_policy":"DoNotOverride"},{"domain":"login.microsoftonline.com","applied_policy":"DoNotOverride"},{"domain":"login.microsoftonline.de","applied_policy":"DoNotOverride"},{"domain":"login.microsoftonline.us","applied_policy":"DoNotOverride"},{"domain":"login-us.microsoftonline.com","applied_policy":"DoNotOverride"},{"domain":"login.partner.microsoftonline.cn","applied_policy":"DoNotOverride"},{"domain":"powerapps.com","applied_policy":"DoNotOverride"},{"domain":"office.com","applied_policy":"DoNotOverride"},{"domain":"office365.us","applied_policy":"DoNotOverride"},{"domain":"ohome.apps.mil","applied_policy":"DoNotOverride"},{"domain":"ohome.eaglex.ic.gov","applied_policy":"DoNotOverride"},{"domain":"ohome.microsoft.scloud","applied_policy":"DoNotOverride"},{"domain":"jinshuschool.cn","applied_policy":"DoNotOverride"},{"domain":"app.figure1.com","applied_policy":"ChromeUA"},{"domain":"immunizealberta.ca","applied_policy":"Edge99"},{"domain":"www.souz-mid.ru","applied_policy":"Edge99"},{"domain":"www.my46.org","applied_policy":"Edge99"},{"domain":"www.rocdefrance.fr","applied_policy":"Edge99"},{"domain":"portal.digitalbusiness.telstra.com","applied_policy":"Edge99"},{"domain":"espace-sante-international.humanis.com","applied_policy":"Edge99"},{"domain":"www2.gistda.or.th","applied_policy":"Edge99"},{"domain":"isro.gov.in","applied_policy":"Edge99"},{"domain":"osunsa.ddns.net","path_match":["/sgapi"],"applied_policy":"Edge99"},{"domain":"rev.com","applied_policy":"ChromeUA"},{"domain":"spp.tsm.ibmserviceengage.com","applied_policy":"Edge99"},{"domain":"app.initlive.com","applied_policy":"ChromeUA"},{"domain":"atitesting.com","applied_policy":"ChromeUA"},{"domain":"mheducation.com","applied_policy":"ChromeUA"},{"domain":"honorlock.com","applied_policy":"ChromeUA"},{"domain":"capcut.com ","applied_policy":"ChromeUA"},{"domain":"capcut.cn","applied_policy":"ChromeUA"},{"domain":"oxcoder.com.cn","applied_policy":"ChromeUA"},{"domain":"usac.edu.gt","applied_policy":"ChromeUA"},{"domain":"educareac.com","applied_policy":"ChromeUA"},{"domain":"proctoru.com","applied_policy":"ChromeUA"},{"domain":"videokyc.icicibank.com","applied_policy":"ChromeUA"},{"domain":"proctorizer.com","applied_policy":"ChromeUA"},{"domain":"qlteacher.com","applied_policy":"ChromeUA"},{"domain":"shipbob.com","applied_policy":"ChromeUA"},{"domain":"amwater.com","applied_policy":"ChromeUA"},{"domain":"nowcoder.com","applied_policy":"ChromeUA"},{"domain":"elsevier.com","applied_policy":"ChromeUA"},{"domain":"xueersi.com","applied_policy":"ChromeUA"},{"domain":"digication.com","applied_policy":"ChromeUA"},{"domain":"classcard.net","applied_policy":"ChromeUA"},{"domain":"weicewang.com","applied_policy":"ChromeUA"},{"domain":"miricanvas.com","applied_policy":"ChromeUA"},{"domain":"conalep.edu.mx","applied_policy":"ChromeUA"},{"domain":"jobda.im","applied_policy":"ChromeUA"},{"domain":"taphuan.csdl.edu.vn","applied_policy":"ChromeUA"},{"domain":"aprendizaje.mec.edu.py","applied_policy":"ChromeUA"},{"domain":"proctorio.com","applied_policy":"ChromeUA"},{"domain":"tcyonline.com","applied_policy":"ChromeUA"},{"domain":"zxx.edu.cn","applied_policy":"ChromeUA"},{"domain":"i.cqu.edu.cn","applied_policy":"ChromeUA"},{"domain":"gd.gov.cn","applied_policy":"ChromeUA"},{"domain":"test.zhiding.com.cn","applied_policy":"ChromeUA"},{"domain":"doratoon.com","applied_policy":"ChromeUA"},{"domain":"ulearning.cn","applied_policy":"ChromeUA"},{"domain":"videokyc.indusind.com","applied_policy":"ChromeUA"},{"domain":"knps.or.kr","applied_policy":"ChromeUA"},{"domain":"remplanner.ru","applied_policy":"ChromeUA"},{"domain":"shuishan.net.cn","applied_policy":"ChromeUA"},{"domain":"alefed.com","applied_policy":"ChromeUA"},{"domain":"qceit.org.cn","applied_policy":"ChromeUA"},{"domain":"byjusfutureschool.com","applied_policy":"ChromeUA"},{"domain":"agriedu.net","applied_policy":"ChromeUA"},{"domain":"conveyiq.com","applied_policy":"ChromeUA"},{"domain":"unnes.ac.id","applied_policy":"ChromeUA"},{"domain":"midea.com","applied_policy":"ChromeUA"},{"domain":"apollo.varsitytutors.com","applied_policy":"ChromeUA"},{"domain":"webcaptioner.com","applied_policy":"ChromeUA"},{"domain":"edunet.net","applied_policy":"ChromeUA"},{"domain":"livecourse.com","applied_policy":"ChromeUA"},{"domain":"longfor.com","applied_policy":"ChromeUA"},{"domain":"greenxtrade.*","applied_policy":"ChromeUA"},{"domain":"jacquielawson.com","applied_policy":"ChromeUA"},{"domain":"givebacks.com","applied_policy":"ChromeUA"},{"domain":"zaq.ne.jp","applied_policy":"ChromeUA"},{"domain":"gov.pl","applied_policy":"ChromeUA"},{"domain":"febc.net","applied_policy":"ChromeUA"},{"domain":"mayahii.com","applied_policy":"ChromeUA"},{"domain":"pcpm37.rekrutmenbi.id","applied_policy":"ChromeUA"},{"domain":"kidkids.net","applied_policy":"ChromeUA"},{"domain":"teleperformance.com","applied_policy":"ChromeUA"},{"domain":"learn.alg.academy","applied_policy":"ChromeUA"},{"domain":"dentrixascend.com","applied_policy":"ChromeUA"},{"domain":"slotsempirebonuses.com","applied_policy":"ChromeUA"},{"domain":"rtvirtual.ins-cr.com","applied_policy":"ChromeUA"},{"domain":"qb.99onez.com","applied_policy":"ChromeUA"},{"domain":"phx.e-carms.ca","applied_policy":"ChromeUA"},{"domain":"shu.edu.cn","applied_policy":"ChromeUA"},{"domain":"eqxiu.com","applied_policy":"ChromeUA"},{"domain":"luckytiger-promo.com","applied_policy":"ChromeUA"},{"domain":"gfs.tokyo","applied_policy":"ChromeUA"},{"domain":"parivahan.gov.in","applied_policy":"ChromeUA"},{"domain":"edufe.com.cn","applied_policy":"ChromeUA"},{"domain":"kazaplan.com","applied_policy":"ChromeUA"},{"domain":"train.medcerts.com","applied_policy":"ChromeUA"},{"domain":"zhihuiteacher.com","applied_policy":"ChromeUA"},{"domain":"unfi.com","applied_policy":"ChromeUA"},{"domain":"leetcode-cn.com","applied_policy":"ChromeUA"},{"domain":"stu.ityxb.com","applied_policy":"ChromeUA"},{"domain":"whatismybrowser.com","applied_policy":"DoNotOverride"},{"domain":"acca.ai","applied_policy":"ChromeUAAndClientHints"},{"domain":"tkc.co.jp","applied_policy":"ChromeUA"},{"domain":"kozikaza.com","applied_policy":"ChromeUA"},{"domain":"iguokao.com","applied_policy":"ChromeUA"},{"domain":"groove.cm","applied_policy":"ChromeUA"},{"domain":"voissnap.com","applied_policy":"ChromeUA"},{"domain":"peiliyou.com","applied_policy":"ChromeUA"},{"domain":"publishinglife.com","applied_policy":"ChromeUA"},{"domain":"dscout.com","applied_policy":"ChromeUA"},{"domain":"mycreativeshop.com","applied_policy":"ChromeUA"},{"domain":"guihuayun.com","applied_policy":"ChromeUA"},{"domain":"ajmd-med.com","applied_policy":"ChromeUA"},{"domain":"courses.fcaperformanceinstitute.com","applied_policy":"ChromeUA"},{"domain":"videobanking.aubank.in","applied_policy":"ChromeUA"},{"domain":"street-academy.com","applied_policy":"ChromeUA"},{"domain":"luckytigercasino.com","applied_policy":"ChromeUA"},{"domain":"acuvue.com","applied_policy":"ChromeUA"},{"domain":"arch-sticker.com","applied_policy":"ChromeUA"},{"domain":"netsoins.com","applied_policy":"ChromeUA"},{"domain":"99lms.com","applied_policy":"ChromeUA"},{"domain":"tver.jp","applied_policy":"ChromeUA"},{"domain":"icourse163.org","applied_policy":"ChromeUA"},{"domain":"sellermatch.co.kr","applied_policy":"ChromeUA"},{"domain":"ursdoccdn.nosdn.127.net","applied_policy":"ChromeUA"},{"domain":"jianshu.com","applied_policy":"ChromeUA"},{"domain":"dubailand.gov.ae","applied_policy":"ChromeUA"},{"domain":"peixunyun.cn","applied_policy":"ChromeUA"},{"domain":"servicetitan.com","applied_policy":"ChromeUA"},{"domain":"jlau.edu.cn","applied_policy":"ChromeUA"},{"domain":"eid.belgium.be","applied_policy":"ChromeUA"},{"domain":"logikaschool.com","applied_policy":"ChromeUA"},{"domain":"app.comptalia.com","applied_policy":"ChromeUA"},{"domain":"manaba.jwu.ac.jp","applied_policy":"ChromeUA"},{"domain":"bm.cltt.org","applied_policy":"ChromeUA"},{"domain":"app.ascendacademic.com","applied_policy":"ChromeUA"},{"domain":"alema.tv","applied_policy":"ChromeUA"},{"domain":"census.gov","applied_policy":"ChromeUA"},{"domain":"disputeprocess.com","applied_policy":"ChromeUA"},{"domain":"emblemhealth.com","applied_policy":"ChromeUA"},{"domain":"richpalms-promo.com","applied_policy":"ChromeUA"},{"domain":"booking.com","applied_policy":"ChromeUA"},{"domain":"3min-class.offcn.mobi","applied_policy":"ChromeUA"},{"domain":"mail.nate.com","applied_policy":"ChromeUA"},{"domain":"fitnesstest.xtu.edu.cn","applied_policy":"ChromeUA"},{"domain":"miro.com","applied_policy":"ChromeUA"},{"domain":"wowgame.jp","applied_policy":"ChromeUA"},{"domain":"csia.org.cn","applied_policy":"ChromeUA"},{"domain":"gsop.sec.samsung.net","applied_policy":"ChromeUA"},{"domain":"jnjpediatrics.com","applied_policy":"ChromeUA"},{"domain":"play.nuuvem.com","applied_policy":"ChromeUA"},{"domain":"alocom.co","applied_policy":"ChromeUA"},{"domain":"sspt.bjcourt.gov.cn","applied_policy":"ChromeUA"},{"domain":"englishbuddy.kr","applied_policy":"ChromeUA"},{"domain":"luz.tcd.gov.tw","applied_policy":"ChromeUA"},{"domain":"lnwlzb.com","applied_policy":"ChromeUA"},{"domain":"ysu.edu.cn","applied_policy":"ChromeUA"},{"domain":"web-hub.gxjyzy.cn","applied_policy":"ChromeUA"},{"domain":"avon.com.br","applied_policy":"ChromeUA"},{"domain":"manulife-aor.unqork.io","applied_policy":"ChromeUA"},{"domain":"invest.ameritrade.com","applied_policy":"ChromeUA"},{"domain":"nhisdt.el.or.kr","applied_policy":"ChromeUA"},{"domain":"business.xiaohe.cn","applied_policy":"ChromeUA"},{"domain":"hb.zcjb.com.cn","applied_policy":"ChromeUA"},{"domain":"web.autocad.com","applied_policy":"DoNotOverride"},{"domain":"app.wom.co","path_match":["/funcionalidadRecaudo/paymentBill/"],"applied_policy":"ChromeUA"}]},"enhance_image_override":{"version":1,"policies":[{"name":"enable","type":"SuperResolutionOptIn"},{"name":"disable","type":"SuperResolutionOptOut"}],"applications":[{"applied_policy":"disable","domain":"bing.*"},{"applied_policy":"disable","domain":"mapquest.*"},{"applied_policy":"disable","domain":"sygic.*"},{"applied_policy":"disable","domain":"msn.com","path_match":["/en-us/weather/maps"]}]}},"EdgeFirstRun":{"EdgeSunflowerFavBarOnly":{"enableFeatures":["msEdgeSunflowerEnableNewImportUI","msEdgeSunflowerFavbar"]},"UACompatibilityFix":{"enableFeatures":["msUACompatibilityFix"]},"ExpEnabled":{"enableFeatures":["msExpEnabled"]}},"EdgeFirstRunConfig":{"DisableDefaultTrigger":{"disableFeatures":["msSendDefaultTriggers"]}},"Segmentation":{"ContentServicesAll":"false","WebXTAll":"false","OfficeEnterpriseNTP":"false","NewsAll":"false","BingAll":"false","EdgeAndPartnersAll":"false","EdgeAll":"false","MicrosoftUser":"false","M365InnerRingSG":"false"},"Headers":{"ETag":"\"Bn1iUbkT/zWKvmjBZUI9L6Uv2p5+G9N08X5N1wZaJZA=\"","Expires":"Mon, 26 Dec 2022 05:47:35 GMT","CountryCode":"RU","StatusCode":"200"},"ConfigIDs":{"ECS":"P-D-42388-2-6","Edge":"P-X-1024185-3-12,P-X-1038898-3-11,P-X-1051410-1-9,P-X-1021723-3-16,P-X-1006470-2-6,P-X-1050906-2-4,P-X-1010335-1-9,P-X-1048778-1-3,P-X-1047513-1-5,P-X-1047002-1-5,P-X-1009264-3-13,P-X-1033691-1-7,P-X-1041459-2-9,P-X-1043108-2-4,P-X-1026324-3-20,P-X-1042025-1-5,P-X-1041737-1-3,P-X-1010579-1-7,P-X-1037863-1-5,P-X-1016074-3-28,P-X-1015453-1-5,P-X-107509-2-16,P-X-1037832-2-10,P-X-1037615-1-5,P-X-1006190-9-15,P-X-1022013-2-10,P-X-1027288-1-7,P-X-1027402-7-15,P-X-1028498-1-5,P-X-115972-1-53,P-X-1025634-1-7,P-X-1026621-1-5,P-X-1026268-1-7,P-X-1020064-1-11,P-X-1021295-1-5,P-X-1020472-2-8,P-X-1020376-1-9,P-X-1018493-3-12,P-X-1020240-1-5,P-X-100019-1-13,P-X-1003562-9-44,P-X-1015470-2-5,P-X-1014900-1-3,P-X-1011150-1-5,P-X-1013814-2-7,P-X-1004198-1-9,P-X-1001363-1-7,P-X-90938-1-9,P-X-111787-3-15,P-X-1004587-1-6,P-X-1002211-2-19,P-X-113033-1-13,P-X-117224-1-19,P-X-113767-1-7,P-X-99669-2-7,P-X-99169-2-18,P-X-113328-1-7,P-X-117040-1-5,P-X-113035-2-9,P-X-114325-1-5,P-X-112977-1-5,P-X-113078-3-15,P-X-75221-12-23,P-X-109653-1-13,P-X-108742-2-10,P-X-92265-2-6,P-X-110049-2-10,P-X-110155-1-5,P-X-95861-1-15,P-X-95627-3-13,P-X-97844-1-13,P-X-98314-1-7,P-X-91270-7-51,P-X-90253-1-13,P-X-93477-1-5,P-X-92431-1-5,P-X-80879-3-16,P-X-78796-1-3,P-R-1051876-1-2,P-R-1051506-6-6,P-R-1050935-6-5,P-R-1049789-6-3,P-R-1038741-1-3,P-R-1012369-4-6,P-R-1011637-4-8,P-R-1008497-12-13,P-R-106999-2-27,P-R-109229-2-8,P-R-99747-2-5,P-R-97114-18-39,P-R-89461-6-9,P-R-88869-2-10,P-R-77966-16-16,P-R-67067-6-37,P-D-79348-1-5,v2_deepeenewmarkets:314572,jbi0g269:313496,edomn994:309682,deepeelogging1:296537,ed414:296254,3h31a217:313547,ed478:292661,shorelinesettings1:313922,6fh95461:311642,v1_openpanefromheroimage:287318,edxbo843:280654,gbc5e229:293782,a6dh6798:312759,204ef294:306504,gserpas:292002,bypassflyout:293786,72a3c653:289211,edenh823:312569,edge3perrorlog:288266,j1976894:315598,ed765:281020,optoutinneededge:263041,b34f0265:288889,923e2685:283700,2fche262:263264,ecotreeevergreen1:289162,ecotreenewtree:289181,externalmidrange3:261527,0hb17668:250772,edmsc689:255777,20secdelay:270120,d48d0502:295461,followablewebentrance:292136,ed626:261914,g07jd633:281115,ed786:292525,ed426:263052,edcar338:285887,edcar706:285268,ed214:261913,existing_history_on_idle_1:220990,ed276:224933,edsha541:272287,ed208:252585,ed423:232191,ed837:287774,suppress_adlang:207106,edhis204:257945,edrea856:197356,allowrefinurl:204257,ededi994:269411,ed744:205654,ed718:237345,edcil366:180704,verticaltabspromo:273781,appsync:297169,edsec583:182966,edweb468:191638,ed672:193569,ededg349:172842,ed913:175220,5fd8e749:239111,edtyp901:164789,ed448:160941,neededgebanner:159722,edmse142:217376,ed726:236851,claritynocookies:203776,edlau735:154534,edbin373:142183,nurturingfeatureciupsellsavefavpass:158816,edgesuperressettings1:198051,ededg840:189491,eddev425:151654,ednur580:234633,edope241:165588,ededg330:96426,edsma606:94039","EdgeConfig":"P-R-1060377-2-3,P-R-1060324-1-5,P-R-1058359-1-6,P-R-1054140-1-4,P-R-1049918-1-3,P-R-1044817-1-5,P-R-1036635-1-4,P-R-1017916-1-4,P-R-74232-5-19,P-R-1015604-1-4,P-R-1002289-2-6,P-R-110491-2-46,P-R-66720-6-25,P-R-83986-2-8,P-R-68474-7-10,P-R-61206-5-9,P-R-60617-6-19,P-R-45373-8-85","EdgeDomainActions":"P-R-1037936-1-7,P-R-1024693-1-7,P-R-108604-1-29,P-R-73626-1-16,P-R-71025-5-11,P-R-63165-3-22,P-R-53243-2-7,P-R-40093-3-25,P-R-38744-7-96,P-R-31899-21-428,P-D-98331-3-18","EdgeFirstRun":"P-R-1047749-2-9,P-R-1021718-2-13,P-R-1018947-2-3","EdgeFirstRunConfig":"P-R-1015363-1-5","Segmentation":"P-R-66078-1-2,P-R-66077-1-4,P-R-60887-1-4,P-R-60886-1-2,P-R-60882-1-2,P-R-60884-1-2,P-R-43082-1-3,P-R-42744-1-2,P-R-42492-1-3"}}